{
  "type": "FeatureCollection",
  "generator": "overpass-turbo",
  "copyright": "The data included in this document is from www.openstreetmap.org. The data is made available under ODbL.",
  "timestamp": "2026-09-12T05:17:30Z",
  "features": [
    {
      "type": "Feature",
      "properties": {
        "@id": "way/288308968",
        "natural": "water",
        "water": "river"
      },
      "geometry": {
        "type": "Polygon",
        "coordinates": [
          [
            [
              10.8099058,
              53.9838793
            ],
            [
              10.8105853,
              53.9841182
            ],
            [
              10.8109574,
              53.9843611
            ],
            [
              10.8111515,
              53.9851794
            ],
            [
              10.8112633,
              53.9859524
            ],
            [
              10.811784,
              53.9862929
            ],
            [
              10.8119895,
              53.9863547
            ],
            [
              10.8122794,
              53.9863742
            ],
            [
              10.8124612,
              53.9864672
            ],
            [
              10.8128955,
              53.986783
            ],
            [
              10.8131547,
              53.9868332
            ],
            [
              10.8133228,
              53.9870837
            ],
            [
              10.8133158,
              53.9871784
            ],
            [
              10.8141354,
              53.9879857
            ],
            [
              10.8143745,
              53.9882152
            ],
            [
              10.8144477,
              53.9882855
            ],
            [
              10.8145926,
              53.9883859
            ],
            [
              10.8147723,
              53.988583
            ],
            [
              10.815121,
              53.9892138
            ],
            [
              10.8154076,
              53.9894612
            ],
            [
              10.815427,
              53.9896162
            ],
            [
              10.8153899,
              53.9898118
            ],
            [
              10.8152924,
              53.9900017
            ],
            [
              10.8151321,
              53.990169
            ],
            [
              10.8149481,
              53.9904114
            ],
            [
              10.8152649,
              53.9908047
            ],
            [
              10.8154383,
              53.9911064
            ],
            [
              10.815525,
              53.9913478
            ],
            [
              10.8153402,
              53.9913579
            ],
            [
              10.8153516,
              53.9912417
            ],
            [
              10.8151958,
              53.990942
            ],
            [
              10.8150454,
              53.9907121
            ],
            [
              10.8148543,
              53.9905561
            ],
            [
              10.81478,
              53.9904302
            ],
            [
              10.8147853,
              53.9903542
            ],
            [
              10.8151162,
              53.9899995
            ],
            [
              10.815288,
              53.9895337
            ],
            [
              10.815167,
              53.9894244
            ],
            [
              10.8150045,
              53.9893207
            ],
            [
              10.8147814,
              53.9890653
            ],
            [
              10.814666,
              53.9886094
            ],
            [
              10.8145345,
              53.9884515
            ],
            [
              10.8144592,
              53.9884151
            ],
            [
              10.8142537,
              53.9883256
            ],
            [
              10.8140283,
              53.9881257
            ],
            [
              10.8137619,
              53.9878593
            ],
            [
              10.8136103,
              53.9876593
            ],
            [
              10.8132014,
              53.9871996
            ],
            [
              10.8131683,
              53.9870339
            ],
            [
              10.8130294,
              53.9868887
            ],
            [
              10.8127762,
              53.9868323
            ],
            [
              10.8123637,
              53.9864813
            ],
            [
              10.8121786,
              53.986437
            ],
            [
              10.8119183,
              53.9864329
            ],
            [
              10.811785,
              53.9863929
            ],
            [
              10.8115248,
              53.9862737
            ],
            [
              10.8110938,
              53.9859761
            ],
            [
              10.8108441,
              53.9844042
            ],
            [
              10.8104959,
              53.9841814
            ],
            [
              10.8099058,
              53.9838793
            ]
          ]
        ]
      },
      "id": "way/288308968"
    },
    {
      "type": "Feature",
      "properties": {
        "@id": "way/30890284",
        "natural": "coastline"
      },
      "geometry": {
        "type": "LineString",
        "coordinates": [
          [
            10.8837479,
            53.9596953
          ],
          [
            10.8836632,
            53.960264
          ],
          [
            10.8836788,
            53.9602676
          ],
          [
            10.8836915,
            53.960274
          ],
          [
            10.8836999,
            53.9602825
          ],
          [
            10.8837031,
            53.9602922
          ],
          [
            10.8837007,
            53.9603019
          ],
          [
            10.8836918,
            53.9603114
          ],
          [
            10.883681,
            53.9603174
          ],
          [
            10.8836657,
            53.9603215
          ],
          [
            10.8835222,
            53.9603419
          ],
          [
            10.883501,
            53.9604257
          ],
          [
            10.883498,
            53.960457
          ],
          [
            10.8834983,
            53.9604602
          ],
          [
            10.883501,
            53.9604907
          ],
          [
            10.8835124,
            53.9605147
          ],
          [
            10.8835367,
            53.9605418
          ],
          [
            10.8835925,
            53.9605626
          ],
          [
            10.8838095,
            53.9606181
          ],
          [
            10.8841095,
            53.9606904
          ],
          [
            10.8843671,
            53.9607686
          ],
          [
            10.8847755,
            53.9608836
          ],
          [
            10.884922,
            53.9609304
          ],
          [
            10.8853267,
            53.9610059
          ],
          [
            10.8853991,
            53.9610286
          ],
          [
            10.8854476,
            53.9610598
          ],
          [
            10.8854756,
            53.9611072
          ],
          [
            10.8854678,
            53.9611372
          ],
          [
            10.8854506,
            53.9611405
          ],
          [
            10.8854319,
            53.9611127
          ],
          [
            10.885412,
            53.9611121
          ],
          [
            10.8854142,
            53.961145
          ],
          [
            10.8854256,
            53.9611729
          ],
          [
            10.885462,
            53.9612293
          ],
          [
            10.8855016,
            53.9612771
          ],
          [
            10.8860295,
            53.9615905
          ],
          [
            10.8864635,
            53.9618821
          ],
          [
            10.8866901,
            53.9620331
          ],
          [
            10.8867737,
            53.9620711
          ],
          [
            10.8868575,
            53.962095
          ],
          [
            10.8869969,
            53.962116
          ],
          [
            10.8872193,
            53.962128
          ],
          [
            10.8872865,
            53.9621324
          ],
          [
            10.8873048,
            53.9621503
          ],
          [
            10.8875918,
            53.9621371
          ],
          [
            10.8878128,
            53.9621226
          ],
          [
            10.8881122,
            53.9620875
          ],
          [
            10.8883674,
            53.96205
          ],
          [
            10.8886735,
            53.9619918
          ],
          [
            10.8890114,
            53.9619086
          ],
          [
            10.8891176,
            53.961883
          ],
          [
            10.8891801,
            53.9618654
          ],
          [
            10.8892379,
            53.9618624
          ],
          [
            10.889264,
            53.9618682
          ],
          [
            10.8892864,
            53.9618771
          ],
          [
            10.8893015,
            53.9618863
          ],
          [
            10.8893142,
            53.9618978
          ],
          [
            10.8893231,
            53.9619112
          ],
          [
            10.8893269,
            53.9619358
          ],
          [
            10.8893201,
            53.9619537
          ],
          [
            10.8893053,
            53.9619702
          ],
          [
            10.8892777,
            53.9619864
          ],
          [
            10.8888374,
            53.9620961
          ],
          [
            10.8887396,
            53.9621574
          ],
          [
            10.8887029,
            53.9621929
          ],
          [
            10.8886264,
            53.9622136
          ],
          [
            10.888538,
            53.9621899
          ],
          [
            10.8882922,
            53.962202
          ],
          [
            10.8881385,
            53.9622184
          ],
          [
            10.8879829,
            53.9622329
          ],
          [
            10.8877684,
            53.9622515
          ],
          [
            10.8876186,
            53.9622605
          ],
          [
            10.8874614,
            53.9622701
          ],
          [
            10.8872741,
            53.9622761
          ],
          [
            10.8871024,
            53.962275
          ],
          [
            10.8869413,
            53.9622585
          ],
          [
            10.8868488,
            53.9622462
          ],
          [
            10.8867473,
            53.9622198
          ],
          [
            10.8866332,
            53.9621794
          ],
          [
            10.8865492,
            53.9621344
          ],
          [
            10.8865173,
            53.9621137
          ],
          [
            10.8864236,
            53.9621403
          ],
          [
            10.8862525,
            53.9622284
          ],
          [
            10.8855659,
            53.9625896
          ],
          [
            10.8850092,
            53.9629217
          ],
          [
            10.884562,
            53.9632136
          ],
          [
            10.8840168,
            53.9636746
          ],
          [
            10.8835301,
            53.9642256
          ],
          [
            10.8831412,
            53.96474
          ],
          [
            10.8824259,
            53.9657129
          ],
          [
            10.8820949,
            53.9665882
          ],
          [
            10.8819369,
            53.9669345
          ],
          [
            10.8819024,
            53.9673863
          ],
          [
            10.8818163,
            53.9677626
          ],
          [
            10.8818011,
            53.9679426
          ],
          [
            10.8817933,
            53.9681632
          ],
          [
            10.8819473,
            53.9685864
          ],
          [
            10.8821083,
            53.9689282
          ],
          [
            10.8821645,
            53.9693335
          ],
          [
            10.8821431,
            53.9695582
          ],
          [
            10.8821431,
            53.9697002
          ],
          [
            10.8821769,
            53.9698033
          ],
          [
            10.8822468,
            53.969952
          ],
          [
            10.8822934,
            53.9700681
          ],
          [
            10.8824079,
            53.970468
          ],
          [
            10.8825065,
            53.9707218
          ],
          [
            10.8827964,
            53.9715119
          ],
          [
            10.8835626,
            53.9734815
          ],
          [
            10.88428,
            53.9756414
          ],
          [
            10.8844293,
            53.9763375
          ],
          [
            10.8844867,
            53.9770599
          ],
          [
            10.8844931,
            53.9776969
          ],
          [
            10.8843326,
            53.9783616
          ],
          [
            10.8841219,
            53.9792721
          ],
          [
            10.883875,
            53.9797528
          ],
          [
            10.8836415,
            53.9799539
          ],
          [
            10.8834646,
            53.9801063
          ],
          [
            10.8832307,
            53.980398
          ],
          [
            10.8826946,
            53.9810751
          ],
          [
            10.8820012,
            53.981718
          ],
          [
            10.8811212,
            53.982537
          ],
          [
            10.8808274,
            53.9831098
          ],
          [
            10.8803555,
            53.9835933
          ],
          [
            10.8798265,
            53.984075
          ],
          [
            10.8797943,
            53.9842486
          ],
          [
            10.8792604,
            53.9848711
          ],
          [
            10.8790963,
            53.9851232
          ],
          [
            10.8780468,
            53.9859424
          ],
          [
            10.8769026,
            53.9867766
          ],
          [
            10.8762308,
            53.9871597
          ],
          [
            10.8755001,
            53.9877377
          ],
          [
            10.8745437,
            53.9880957
          ],
          [
            10.8735739,
            53.9886796
          ],
          [
            10.8724596,
            53.9892537
          ],
          [
            10.8709386,
            53.9900469
          ],
          [
            10.8694835,
            53.9908906
          ],
          [
            10.8680586,
            53.9914653
          ],
          [
            10.8668714,
            53.9919033
          ],
          [
            10.8658887,
            53.9921677
          ],
          [
            10.8643007,
            53.9925112
          ],
          [
            10.8633082,
            53.9928125
          ],
          [
            10.861989,
            53.9931376
          ],
          [
            10.8606193,
            53.9934445
          ],
          [
            10.8595317,
            53.9935171
          ],
          [
            10.8575925,
            53.9934802
          ],
          [
            10.8563598,
            53.9936493
          ],
          [
            10.8558098,
            53.9938596
          ],
          [
            10.855131,
            53.9938868
          ],
          [
            10.854273,
            53.9937548
          ],
          [
            10.8533491,
            53.9933921
          ],
          [
            10.8524551,
            53.9933133
          ],
          [
            10.8511212,
            53.9930639
          ],
          [
            10.8504326,
            53.9930122
          ],
          [
            10.8494023,
            53.9927396
          ],
          [
            10.8489955,
            53.9927096
          ],
          [
            10.8483157,
            53.9925961
          ],
          [
            10.8479435,
            53.9925003
          ],
          [
            10.8475171,
            53.992511
          ],
          [
            10.8464042,
            53.9924297
          ],
          [
            10.8446885,
            53.9922653
          ],
          [
            10.8434985,
            53.9920202
          ],
          [
            10.8410209,
            53.991832
          ],
          [
            10.8408826,
            53.9918136
          ],
          [
            10.8405778,
            53.9917345
          ],
          [
            10.8398768,
            53.9915449
          ],
          [
            10.8391485,
            53.9915086
          ],
          [
            10.8387908,
            53.991535
          ],
          [
            10.8377126,
            53.9916716
          ],
          [
            10.837526,
            53.9915477
          ],
          [
            10.8362032,
            53.9916337
          ],
          [
            10.8346695,
            53.9919531
          ],
          [
            10.8341024,
            53.9920166
          ],
          [
            10.8330476,
            53.9923064
          ],
          [
            10.8325314,
            53.9923292
          ],
          [
            10.8304607,
            53.9928341
          ],
          [
            10.8295078,
            53.9931576
          ],
          [
            10.8294886,
            53.9931077
          ],
          [
            10.8293264,
            53.9931029
          ],
          [
            10.8289742,
            53.9931654
          ],
          [
            10.8278442,
            53.9934991
          ],
          [
            10.8274163,
            53.9935667
          ],
          [
            10.8268452,
            53.9936699
          ],
          [
            10.8260631,
            53.9939776
          ],
          [
            10.8259428,
            53.9938369
          ],
          [
            10.825643,
            53.9939256
          ],
          [
            10.8254362,
            53.9939388
          ],
          [
            10.8244115,
            53.9941563
          ],
          [
            10.8226433,
            53.9944131
          ],
          [
            10.8210505,
            53.9946629
          ],
          [
            10.8194495,
            53.9947678
          ],
          [
            10.8189371,
            53.9948233
          ],
          [
            10.8182189,
            53.9949498
          ],
          [
            10.8177831,
            53.9948963
          ],
          [
            10.817546,
            53.9949093
          ],
          [
            10.8171899,
            53.9949636
          ],
          [
            10.8167104,
            53.9948576
          ],
          [
            10.8165191,
            53.9948672
          ],
          [
            10.8161763,
            53.9949362
          ],
          [
            10.8157477,
            53.9947981
          ],
          [
            10.8155388,
            53.9948197
          ],
          [
            10.8151023,
            53.994943
          ],
          [
            10.8147551,
            53.9948625
          ],
          [
            10.8140629,
            53.994939
          ],
          [
            10.8137756,
            53.99487
          ],
          [
            10.8130734,
            53.9949966
          ],
          [
            10.8128455,
            53.9950229
          ],
          [
            10.8118214,
            53.9951413
          ],
          [
            10.8107719,
            53.9953059
          ],
          [
            10.8092505,
            53.9957199
          ],
          [
            10.8091682,
            53.9957149
          ],
          [
            10.8090682,
            53.9956608
          ],
          [
            10.8090676,
            53.9956377
          ],
          [
            10.809179,
            53.9955812
          ],
          [
            10.8093189,
            53.9954774
          ],
          [
            10.8095014,
            53.9953475
          ],
          [
            10.8097196,
            53.9952036
          ],
          [
            10.8098535,
            53.9950566
          ],
          [
            10.8098717,
            53.9948895
          ],
          [
            10.8097194,
            53.9947168
          ],
          [
            10.8097527,
            53.9945409
          ],
          [
            10.8098337,
            53.9945277
          ],
          [
            10.8098946,
            53.9945178
          ],
          [
            10.8104589,
            53.9947801
          ],
          [
            10.8105898,
            53.9946803
          ],
          [
            10.8109831,
            53.9943806
          ],
          [
            10.8109977,
            53.9943694
          ],
          [
            10.8113349,
            53.9941156
          ],
          [
            10.8116386,
            53.9938869
          ],
          [
            10.8113345,
            53.9936317
          ],
          [
            10.8113259,
            53.9936245
          ],
          [
            10.8115934,
            53.9934724
          ],
          [
            10.8118182,
            53.9934693
          ],
          [
            10.8124871,
            53.9933331
          ],
          [
            10.8136861,
            53.9931068
          ],
          [
            10.8137128,
            53.9931644
          ],
          [
            10.8147076,
            53.9929839
          ],
          [
            10.8150241,
            53.9928325
          ],
          [
            10.8153454,
            53.9926784
          ],
          [
            10.8153018,
            53.9926667
          ],
          [
            10.8152529,
            53.9926528
          ],
          [
            10.8152333,
            53.9926725
          ],
          [
            10.8148882,
            53.9926879
          ],
          [
            10.8143484,
            53.9925538
          ],
          [
            10.8143314,
            53.9925887
          ],
          [
            10.8141101,
            53.9925341
          ],
          [
            10.8127088,
            53.9928033
          ],
          [
            10.8125616,
            53.9925237
          ],
          [
            10.8121837,
            53.9926007
          ],
          [
            10.8122105,
            53.9926541
          ],
          [
            10.8119155,
            53.9927162
          ],
          [
            10.8118782,
            53.9926544
          ],
          [
            10.8111741,
            53.9928206
          ],
          [
            10.8113532,
            53.9930377
          ],
          [
            10.8114395,
            53.9931606
          ],
          [
            10.8115007,
            53.9932757
          ],
          [
            10.8113778,
            53.9933673
          ],
          [
            10.8113018,
            53.993302
          ],
          [
            10.8111093,
            53.993103
          ],
          [
            10.8108391,
            53.9928072
          ],
          [
            10.8104001,
            53.9929394
          ],
          [
            10.8106441,
            53.9933795
          ],
          [
            10.8109452,
            53.9936215
          ],
          [
            10.8107046,
            53.9937231
          ],
          [
            10.8106348,
            53.9937195
          ],
          [
            10.8100703,
            53.9938941
          ],
          [
            10.8100343,
            53.9938257
          ],
          [
            10.8100291,
            53.9937237
          ],
          [
            10.8098777,
            53.9934083
          ],
          [
            10.8091661,
            53.9931086
          ],
          [
            10.8082556,
            53.9928147
          ],
          [
            10.8079726,
            53.9926259
          ],
          [
            10.8076304,
            53.9925462
          ],
          [
            10.8067997,
            53.9923528
          ],
          [
            10.8051148,
            53.9920978
          ],
          [
            10.8039445,
            53.9919287
          ],
          [
            10.802603,
            53.9919988
          ],
          [
            10.8002884,
            53.9922782
          ],
          [
            10.7996482,
            53.9924098
          ],
          [
            10.7990462,
            53.9925335
          ],
          [
            10.7966204,
            53.9932742
          ],
          [
            10.7954547,
            53.9936304
          ],
          [
            10.7937525,
            53.9943846
          ],
          [
            10.792492,
            53.9949713
          ],
          [
            10.7921151,
            53.9949661
          ],
          [
            10.7903526,
            53.9957703
          ],
          [
            10.789929,
            53.9959913
          ],
          [
            10.788817,
            53.9965239
          ],
          [
            10.7867298,
            53.9976214
          ],
          [
            10.7860076,
            53.9980842
          ],
          [
            10.7852487,
            53.9985839
          ],
          [
            10.7839907,
            53.9994073
          ],
          [
            10.7831596,
            54.0000469
          ],
          [
            10.7828881,
            54.0002401
          ],
          [
            10.7822797,
            54.000708
          ],
          [
            10.7815794,
            54.0012465
          ],
          [
            10.7798638,
            54.002561
          ],
          [
            10.7795026,
            54.0028422
          ],
          [
            10.7784548,
            54.003808
          ],
          [
            10.7777855,
            54.0043844
          ],
          [
            10.7768985,
            54.0051407
          ],
          [
            10.7753589,
            54.0067565
          ],
          [
            10.7745081,
            54.0075767
          ],
          [
            10.7743308,
            54.0077476
          ],
          [
            10.7733114,
            54.0087508
          ],
          [
            10.7730915,
            54.0089779
          ],
          [
            10.7726818,
            54.0094214
          ],
          [
            10.7701541,
            54.0121727
          ],
          [
            10.769405,
            54.012946
          ],
          [
            10.7689275,
            54.0135239
          ],
          [
            10.7682643,
            54.0143267
          ],
          [
            10.7681352,
            54.0144829
          ],
          [
            10.7671773,
            54.0155535
          ],
          [
            10.7657627,
            54.0171026
          ],
          [
            10.76484,
            54.018137
          ],
          [
            10.764014,
            54.019174
          ],
          [
            10.7628158,
            54.0205014
          ],
          [
            10.761948,
            54.021766
          ],
          [
            10.760719,
            54.023577
          ],
          [
            10.759501,
            54.025645
          ],
          [
            10.7582374,
            54.0276035
          ],
          [
            10.7578194,
            54.0282184
          ],
          [
            10.7569532,
            54.0296936
          ],
          [
            10.756227,
            54.03056
          ],
          [
            10.754987,
            54.032115
          ],
          [
            10.753737,
            54.033414
          ],
          [
            10.752943,
            54.034707
          ],
          [
            10.752551,
            54.035738
          ],
          [
            10.751745,
            54.037287
          ],
          [
            10.751354,
            54.038317
          ],
          [
            10.7511636,
            54.0389586
          ],
          [
            10.750972,
            54.039604
          ],
          [
            10.7509449,
            54.039693
          ],
          [
            10.7505696,
            54.0409278
          ],
          [
            10.7504317,
            54.0419434
          ],
          [
            10.7503545,
            54.042433
          ],
          [
            10.7503645,
            54.042689
          ],
          [
            10.7503566,
            54.0428472
          ],
          [
            10.750275,
            54.043713
          ],
          [
            10.7504095,
            54.0445565
          ],
          [
            10.7505287,
            54.0448735
          ],
          [
            10.7506396,
            54.0451378
          ],
          [
            10.7511729,
            54.0458577
          ],
          [
            10.7510905,
            54.0468254
          ],
          [
            10.7513041,
            54.0475133
          ],
          [
            10.7513555,
            54.0475262
          ],
          [
            10.7513132,
            54.0476013
          ],
          [
            10.7513614,
            54.0481803
          ],
          [
            10.7514449,
            54.0484731
          ],
          [
            10.7516238,
            54.0486798
          ],
          [
            10.7517562,
            54.048681
          ],
          [
            10.7518195,
            54.0488471
          ],
          [
            10.7523486,
            54.0498086
          ],
          [
            10.7525331,
            54.0497844
          ],
          [
            10.752834,
            54.0505474
          ],
          [
            10.7528,
            54.050932
          ],
          [
            10.75287,
            54.0509629
          ],
          [
            10.7528879,
            54.0509631
          ],
          [
            10.7529202,
            54.0511398
          ],
          [
            10.7531908,
            54.0516086
          ],
          [
            10.7533067,
            54.0517403
          ],
          [
            10.7534018,
            54.0517156
          ],
          [
            10.7536164,
            54.0522274
          ],
          [
            10.7541989,
            54.0531118
          ],
          [
            10.754688,
            54.0543754
          ],
          [
            10.7550056,
            54.0544338
          ],
          [
            10.7553559,
            54.0549274
          ],
          [
            10.756329,
            54.0562708
          ],
          [
            10.7564094,
            54.0565353
          ],
          [
            10.7567687,
            54.0568191
          ],
          [
            10.757167,
            54.057447
          ],
          [
            10.7579565,
            54.058042
          ],
          [
            10.7583093,
            54.0581273
          ],
          [
            10.7586796,
            54.0580526
          ],
          [
            10.7595137,
            54.05884
          ],
          [
            10.759725,
            54.058966
          ],
          [
            10.7599825,
            54.0589322
          ],
          [
            10.7601839,
            54.0591666
          ],
          [
            10.7603286,
            54.0592537
          ],
          [
            10.7606366,
            54.0595097
          ],
          [
            10.7607866,
            54.0596491
          ],
          [
            10.76113,
            54.0598336
          ],
          [
            10.7614097,
            54.0597578
          ],
          [
            10.7618683,
            54.0602266
          ],
          [
            10.7621374,
            54.0603046
          ],
          [
            10.7627952,
            54.0608844
          ],
          [
            10.7629583,
            54.0608716
          ],
          [
            10.763046,
            54.0608807
          ],
          [
            10.7635432,
            54.0612661
          ],
          [
            10.7638721,
            54.0613163
          ],
          [
            10.7643122,
            54.0615233
          ],
          [
            10.7648299,
            54.0618661
          ],
          [
            10.7653929,
            54.062057
          ],
          [
            10.7657466,
            54.0620032
          ],
          [
            10.7662852,
            54.0622526
          ],
          [
            10.7665803,
            54.062282
          ],
          [
            10.7668693,
            54.0622686
          ],
          [
            10.7672512,
            54.0625939
          ],
          [
            10.7676115,
            54.0627617
          ],
          [
            10.7679443,
            54.0627766
          ],
          [
            10.768543,
            54.0632669
          ],
          [
            10.768761,
            54.0633036
          ],
          [
            10.7690831,
            54.0632835
          ],
          [
            10.7697651,
            54.0637773
          ],
          [
            10.7701397,
            54.0637618
          ],
          [
            10.7708884,
            54.0642116
          ],
          [
            10.7711045,
            54.0642531
          ],
          [
            10.7713611,
            54.0642518
          ],
          [
            10.772247,
            54.0647826
          ],
          [
            10.7724818,
            54.0646861
          ],
          [
            10.7734049,
            54.0651981
          ],
          [
            10.7736346,
            54.0651644
          ],
          [
            10.7744596,
            54.0656763
          ],
          [
            10.7748722,
            54.0657079
          ],
          [
            10.7752727,
            54.0660812
          ],
          [
            10.7755225,
            54.0661954
          ],
          [
            10.775805,
            54.0662221
          ],
          [
            10.7763508,
            54.0666512
          ],
          [
            10.7765814,
            54.066708
          ],
          [
            10.7769294,
            54.0667121
          ],
          [
            10.7774137,
            54.0672107
          ],
          [
            10.7775831,
            54.0672674
          ],
          [
            10.7777608,
            54.0672628
          ],
          [
            10.7781742,
            54.0676541
          ],
          [
            10.7783603,
            54.067687
          ],
          [
            10.7785139,
            54.0676843
          ],
          [
            10.7787435,
            54.0678558
          ],
          [
            10.7793895,
            54.0682081
          ],
          [
            10.7795013,
            54.0682494
          ],
          [
            10.7799875,
            54.0682365
          ],
          [
            10.7800079,
            54.0684005
          ],
          [
            10.7806561,
            54.068826
          ],
          [
            10.7817149,
            54.0694931
          ],
          [
            10.782052,
            54.069425
          ],
          [
            10.7825342,
            54.0698677
          ],
          [
            10.7832188,
            54.0698459
          ],
          [
            10.7836138,
            54.0697505
          ],
          [
            10.7843899,
            54.0707132
          ],
          [
            10.7850766,
            54.0712925
          ],
          [
            10.7854084,
            54.0715074
          ],
          [
            10.7859639,
            54.0718912
          ],
          [
            10.7864602,
            54.0722123
          ],
          [
            10.7868271,
            54.0724127
          ],
          [
            10.787419,
            54.0729941
          ],
          [
            10.7879482,
            54.0734335
          ],
          [
            10.7883312,
            54.0736681
          ],
          [
            10.7888134,
            54.0738804
          ],
          [
            10.7893135,
            54.0741291
          ],
          [
            10.7905483,
            54.0750648
          ],
          [
            10.7913625,
            54.0753951
          ],
          [
            10.791904,
            54.075892
          ],
          [
            10.792947,
            54.0772976
          ],
          [
            10.7935096,
            54.077851
          ],
          [
            10.7937289,
            54.0779742
          ],
          [
            10.7940782,
            54.0785058
          ],
          [
            10.7946829,
            54.0795028
          ],
          [
            10.7951261,
            54.080097
          ],
          [
            10.7961684,
            54.0809717
          ],
          [
            10.796936,
            54.081453
          ],
          [
            10.7972797,
            54.0817427
          ],
          [
            10.7978339,
            54.0820484
          ],
          [
            10.7988783,
            54.0830355
          ],
          [
            10.79932,
            54.0835517
          ],
          [
            10.7998207,
            54.0841159
          ],
          [
            10.800347,
            54.0848227
          ],
          [
            10.8005524,
            54.0851628
          ],
          [
            10.8007448,
            54.0857428
          ],
          [
            10.8008866,
            54.0861636
          ],
          [
            10.8008721,
            54.0864612
          ],
          [
            10.8009049,
            54.0867276
          ],
          [
            10.801122,
            54.0872516
          ],
          [
            10.8014858,
            54.0883046
          ],
          [
            10.8015071,
            54.0886655
          ],
          [
            10.801405,
            54.089072
          ],
          [
            10.8015913,
            54.0896194
          ],
          [
            10.8023041,
            54.0905882
          ],
          [
            10.8027358,
            54.0910067
          ],
          [
            10.8030556,
            54.0912952
          ],
          [
            10.8053618,
            54.0913101
          ],
          [
            10.8058183,
            54.0913945
          ],
          [
            10.8062288,
            54.0915071
          ],
          [
            10.8065844,
            54.091667
          ],
          [
            10.8065189,
            54.0917153
          ],
          [
            10.8064405,
            54.0917284
          ],
          [
            10.8063418,
            54.0916817
          ],
          [
            10.8061237,
            54.09185
          ],
          [
            10.8055894,
            54.0916073
          ],
          [
            10.8052545,
            54.0918618
          ],
          [
            10.8048352,
            54.0916701
          ],
          [
            10.8045956,
            54.0918569
          ],
          [
            10.8042101,
            54.091677
          ],
          [
            10.8038904,
            54.0916931
          ],
          [
            10.8036465,
            54.0918743
          ],
          [
            10.8036268,
            54.0922963
          ],
          [
            10.8036166,
            54.0923066
          ],
          [
            10.8033951,
            54.0922033
          ],
          [
            10.803337,
            54.0922504
          ],
          [
            10.8036039,
            54.0923707
          ],
          [
            10.8036494,
            54.0924445
          ],
          [
            10.8036244,
            54.0924704
          ],
          [
            10.8036064,
            54.0925928
          ],
          [
            10.803589,
            54.0925993
          ],
          [
            10.8036217,
            54.0927361
          ],
          [
            10.8036886,
            54.0927332
          ],
          [
            10.8036983,
            54.0927871
          ],
          [
            10.8036301,
            54.092792
          ],
          [
            10.8036343,
            54.0929023
          ],
          [
            10.8036158,
            54.0929835
          ],
          [
            10.8035527,
            54.0931811
          ],
          [
            10.8034809,
            54.0933603
          ],
          [
            10.8033535,
            54.0936134
          ],
          [
            10.8031817,
            54.0938844
          ],
          [
            10.8030024,
            54.0941343
          ],
          [
            10.8029289,
            54.0942834
          ],
          [
            10.8028801,
            54.0944119
          ],
          [
            10.8028767,
            54.0945398
          ],
          [
            10.8028648,
            54.0945806
          ],
          [
            10.802899,
            54.0946015
          ],
          [
            10.8029526,
            54.0947643
          ],
          [
            10.8030115,
            54.0948479
          ],
          [
            10.8030201,
            54.0948894
          ],
          [
            10.8029902,
            54.0949572
          ],
          [
            10.8029568,
            54.0949849
          ],
          [
            10.8029097,
            54.0950123
          ],
          [
            10.8027918,
            54.0950538
          ],
          [
            10.8027086,
            54.095019
          ],
          [
            10.8027068,
            54.0950817
          ],
          [
            10.8026754,
            54.0950809
          ],
          [
            10.8026741,
            54.0949926
          ],
          [
            10.8026676,
            54.0948412
          ],
          [
            10.8025928,
            54.0948429
          ],
          [
            10.8025963,
            54.0949942
          ],
          [
            10.8024638,
            54.094993
          ],
          [
            10.8019459,
            54.0943514
          ],
          [
            10.8022362,
            54.0942833
          ],
          [
            10.8026317,
            54.0934522
          ],
          [
            10.8024999,
            54.093429
          ],
          [
            10.8026275,
            54.0931612
          ],
          [
            10.8027611,
            54.0931836
          ],
          [
            10.8029705,
            54.0927448
          ],
          [
            10.8028349,
            54.0922472
          ],
          [
            10.8014224,
            54.0923576
          ],
          [
            10.8013211,
            54.0925219
          ],
          [
            10.8012714,
            54.0926081
          ],
          [
            10.8004544,
            54.0924462
          ],
          [
            10.8000816,
            54.0924692
          ],
          [
            10.7998709,
            54.0928157
          ],
          [
            10.7996473,
            54.0931871
          ],
          [
            10.7994172,
            54.0935643
          ],
          [
            10.7994,
            54.0935975
          ],
          [
            10.8008656,
            54.0937948
          ],
          [
            10.801065,
            54.093799
          ],
          [
            10.8011197,
            54.0939541
          ],
          [
            10.8011928,
            54.0940531
          ],
          [
            10.8014565,
            54.0941073
          ],
          [
            10.8014825,
            54.0941311
          ],
          [
            10.8014783,
            54.0941402
          ],
          [
            10.8012151,
            54.0940869
          ],
          [
            10.8011879,
            54.0941402
          ],
          [
            10.8014471,
            54.0941985
          ],
          [
            10.801512,
            54.0942691
          ],
          [
            10.8014988,
            54.0942841
          ],
          [
            10.8012703,
            54.0941991
          ],
          [
            10.8012187,
            54.0942503
          ],
          [
            10.8015344,
            54.0943687
          ],
          [
            10.8013261,
            54.0945399
          ],
          [
            10.8012855,
            54.0946386
          ],
          [
            10.7990002,
            54.0943172
          ],
          [
            10.7988228,
            54.0947588
          ],
          [
            10.8013975,
            54.0951392
          ],
          [
            10.8013952,
            54.0951938
          ],
          [
            10.8013625,
            54.0954909
          ],
          [
            10.8014041,
            54.0955027
          ],
          [
            10.8012874,
            54.0957127
          ],
          [
            10.8016575,
            54.095822
          ],
          [
            10.8016146,
            54.0958818
          ],
          [
            10.8012297,
            54.0957772
          ],
          [
            10.8011533,
            54.0958967
          ],
          [
            10.8011841,
            54.0960375
          ],
          [
            10.8010678,
            54.0965117
          ],
          [
            10.8009306,
            54.0966604
          ],
          [
            10.8007536,
            54.0967516
          ],
          [
            10.8002802,
            54.0968822
          ],
          [
            10.8000739,
            54.0972653
          ],
          [
            10.799921,
            54.0972612
          ],
          [
            10.7996827,
            54.0974259
          ],
          [
            10.7996969,
            54.097488
          ],
          [
            10.7995226,
            54.0977304
          ],
          [
            10.7995453,
            54.0980055
          ],
          [
            10.7995848,
            54.0980944
          ],
          [
            10.7995678,
            54.0982212
          ],
          [
            10.799654,
            54.0983367
          ],
          [
            10.799693,
            54.0984764
          ],
          [
            10.7998011,
            54.0985282
          ],
          [
            10.7998484,
            54.0986856
          ],
          [
            10.7999763,
            54.0988652
          ],
          [
            10.7999786,
            54.0989586
          ],
          [
            10.8000742,
            54.0989746
          ],
          [
            10.8001334,
            54.0989119
          ],
          [
            10.8003339,
            54.0989
          ],
          [
            10.8003724,
            54.0988772
          ],
          [
            10.8005644,
            54.0988777
          ],
          [
            10.8007358,
            54.0988016
          ],
          [
            10.8018114,
            54.0983833
          ],
          [
            10.8023556,
            54.0981651
          ],
          [
            10.8022079,
            54.097936
          ],
          [
            10.8021779,
            54.0979441
          ],
          [
            10.801917,
            54.0975084
          ],
          [
            10.8020562,
            54.0974767
          ],
          [
            10.8023413,
            54.0979185
          ],
          [
            10.8023022,
            54.0979266
          ],
          [
            10.8024385,
            54.0981271
          ],
          [
            10.80313,
            54.0978487
          ],
          [
            10.80299,
            54.0976311
          ],
          [
            10.8029555,
            54.0976365
          ],
          [
            10.8026787,
            54.0972166
          ],
          [
            10.8028314,
            54.0971824
          ],
          [
            10.8031073,
            54.0976149
          ],
          [
            10.8030797,
            54.097619
          ],
          [
            10.8032124,
            54.0978172
          ],
          [
            10.8038857,
            54.097554
          ],
          [
            10.8032566,
            54.0965995
          ],
          [
            10.8034071,
            54.0965688
          ],
          [
            10.8040192,
            54.0974917
          ],
          [
            10.8048764,
            54.0973122
          ],
          [
            10.8052828,
            54.0972239
          ],
          [
            10.8056755,
            54.0971626
          ],
          [
            10.8067208,
            54.0969595
          ],
          [
            10.8079056,
            54.0966226
          ],
          [
            10.8079304,
            54.0965611
          ],
          [
            10.8080164,
            54.0965381
          ],
          [
            10.8080861,
            54.0965712
          ],
          [
            10.808559,
            54.0964349
          ],
          [
            10.8085786,
            54.0963919
          ],
          [
            10.8087302,
            54.0963517
          ],
          [
            10.8087888,
            54.0963804
          ],
          [
            10.809008,
            54.096336
          ],
          [
            10.8094773,
            54.0962959
          ],
          [
            10.8095609,
            54.0962961
          ],
          [
            10.80966,
            54.096335
          ],
          [
            10.8111958,
            54.0964518
          ],
          [
            10.8115025,
            54.0965213
          ],
          [
            10.8118066,
            54.0966512
          ],
          [
            10.8120049,
            54.0968726
          ],
          [
            10.8123215,
            54.0971271
          ],
          [
            10.8123872,
            54.0971468
          ],
          [
            10.8124334,
            54.0971684
          ],
          [
            10.8119364,
            54.0977185
          ],
          [
            10.8113606,
            54.100394
          ],
          [
            10.8116859,
            54.1008863
          ],
          [
            10.812296,
            54.1014895
          ],
          [
            10.8123809,
            54.1015792
          ],
          [
            10.8125475,
            54.1021044
          ],
          [
            10.8125844,
            54.1022208
          ],
          [
            10.812667,
            54.102481
          ],
          [
            10.8121205,
            54.1029981
          ],
          [
            10.8119737,
            54.1029637
          ],
          [
            10.810416,
            54.1045409
          ],
          [
            10.8104157,
            54.1045484
          ],
          [
            10.8103969,
            54.1052073
          ],
          [
            10.8103777,
            54.1056124
          ],
          [
            10.8103645,
            54.1059077
          ],
          [
            10.8101182,
            54.1064922
          ],
          [
            10.8101321,
            54.106507
          ],
          [
            10.810354,
            54.1065683
          ],
          [
            10.8106256,
            54.1066434
          ],
          [
            10.8106607,
            54.1066363
          ],
          [
            10.8108056,
            54.1064828
          ],
          [
            10.8110967,
            54.1061742
          ],
          [
            10.8111887,
            54.1056175
          ],
          [
            10.8112548,
            54.1052057
          ],
          [
            10.8112914,
            54.104984
          ],
          [
            10.8114771,
            54.1048294
          ],
          [
            10.8122909,
            54.1042096
          ],
          [
            10.8123224,
            54.1042226
          ],
          [
            10.8121141,
            54.1043823
          ],
          [
            10.8122037,
            54.104426
          ],
          [
            10.8124264,
            54.1043186
          ],
          [
            10.8125809,
            54.1042292
          ],
          [
            10.8126383,
            54.1041997
          ],
          [
            10.8127359,
            54.1041202
          ],
          [
            10.8129091,
            54.1039408
          ],
          [
            10.8130053,
            54.1036296
          ],
          [
            10.8130332,
            54.1036201
          ],
          [
            10.8130082,
            54.1037009
          ],
          [
            10.8130687,
            54.1037045
          ],
          [
            10.8131168,
            54.1035849
          ],
          [
            10.8132157,
            54.1034881
          ],
          [
            10.8134052,
            54.1032962
          ],
          [
            10.813544,
            54.1031526
          ],
          [
            10.8136386,
            54.1030522
          ],
          [
            10.8137932,
            54.1029255
          ],
          [
            10.8143212,
            54.1025544
          ],
          [
            10.8144554,
            54.1023932
          ],
          [
            10.8146557,
            54.1022226
          ],
          [
            10.8147272,
            54.1021547
          ],
          [
            10.8148145,
            54.1020485
          ],
          [
            10.8148968,
            54.1018916
          ],
          [
            10.8149318,
            54.101784
          ],
          [
            10.8149463,
            54.1017185
          ],
          [
            10.8149558,
            54.1015785
          ],
          [
            10.8149532,
            54.1014701
          ],
          [
            10.8149473,
            54.1012962
          ],
          [
            10.814941,
            54.1012521
          ],
          [
            10.8149065,
            54.1011204
          ],
          [
            10.8148353,
            54.1009335
          ],
          [
            10.8146426,
            54.1006046
          ],
          [
            10.8144374,
            54.1003304
          ],
          [
            10.8143647,
            54.1002506
          ],
          [
            10.8143436,
            54.1002117
          ],
          [
            10.8143355,
            54.100171
          ],
          [
            10.8142499,
            54.1001671
          ],
          [
            10.8142561,
            54.1000925
          ],
          [
            10.814264,
            54.100012
          ],
          [
            10.8143524,
            54.1000158
          ],
          [
            10.8143642,
            54.0999747
          ],
          [
            10.8143967,
            54.0999324
          ],
          [
            10.8144217,
            54.0999079
          ],
          [
            10.8146355,
            54.0997689
          ],
          [
            10.8146568,
            54.0997503
          ],
          [
            10.8146747,
            54.0997384
          ],
          [
            10.8148226,
            54.0996023
          ],
          [
            10.8148757,
            54.0994916
          ],
          [
            10.8149347,
            54.0993779
          ],
          [
            10.8149521,
            54.0992821
          ],
          [
            10.8149575,
            54.0992109
          ],
          [
            10.8149737,
            54.0990193
          ],
          [
            10.8149432,
            54.0988467
          ],
          [
            10.8149002,
            54.0987172
          ],
          [
            10.8148661,
            54.0986362
          ],
          [
            10.8147954,
            54.0985105
          ],
          [
            10.8147878,
            54.0984259
          ],
          [
            10.81479,
            54.0983191
          ],
          [
            10.8148132,
            54.0981701
          ],
          [
            10.8148936,
            54.0978705
          ],
          [
            10.8149575,
            54.0976973
          ],
          [
            10.8149689,
            54.0976409
          ],
          [
            10.8149646,
            54.0975521
          ],
          [
            10.8149485,
            54.0974767
          ],
          [
            10.8148626,
            54.0972543
          ],
          [
            10.8147529,
            54.0969237
          ],
          [
            10.8146949,
            54.0969281
          ],
          [
            10.81467,
            54.0969124
          ],
          [
            10.8146475,
            54.0968393
          ],
          [
            10.8146815,
            54.0968139
          ],
          [
            10.8147206,
            54.0968094
          ],
          [
            10.8146519,
            54.0966095
          ],
          [
            10.8145748,
            54.0964326
          ],
          [
            10.8143806,
            54.0960561
          ],
          [
            10.8144223,
            54.0960476
          ],
          [
            10.8143902,
            54.096
          ],
          [
            10.814349,
            54.0960092
          ],
          [
            10.8143005,
            54.0959378
          ],
          [
            10.81414,
            54.0957603
          ],
          [
            10.8141507,
            54.0957095
          ],
          [
            10.8141847,
            54.0957145
          ],
          [
            10.81425,
            54.095693
          ],
          [
            10.8146118,
            54.0955409
          ],
          [
            10.8146147,
            54.0955217
          ],
          [
            10.8146719,
            54.0955082
          ],
          [
            10.8148905,
            54.0954078
          ],
          [
            10.8149367,
            54.0953832
          ],
          [
            10.8151176,
            54.0953026
          ],
          [
            10.8151765,
            54.0952616
          ],
          [
            10.8152635,
            54.0951208
          ],
          [
            10.8153368,
            54.0949888
          ],
          [
            10.815436,
            54.0948791
          ],
          [
            10.8154299,
            54.0947857
          ],
          [
            10.8152714,
            54.0944537
          ],
          [
            10.8148457,
            54.0941663
          ],
          [
            10.8144572,
            54.0941658
          ],
          [
            10.8141901,
            54.0941809
          ],
          [
            10.8140595,
            54.0941745
          ],
          [
            10.8140504,
            54.0941877
          ],
          [
            10.8138838,
            54.0945114
          ],
          [
            10.813826,
            54.0946262
          ],
          [
            10.813612,
            54.0950637
          ],
          [
            10.8135096,
            54.0950862
          ],
          [
            10.8135048,
            54.0951099
          ],
          [
            10.8135651,
            54.0951596
          ],
          [
            10.8136198,
            54.0951905
          ],
          [
            10.8137644,
            54.0952523
          ],
          [
            10.8138421,
            54.0953032
          ],
          [
            10.81387,
            54.0953266
          ],
          [
            10.8139336,
            54.095391
          ],
          [
            10.8139054,
            54.0954423
          ],
          [
            10.8138203,
            54.0954862
          ],
          [
            10.8136339,
            54.0955049
          ],
          [
            10.8135441,
            54.0955135
          ],
          [
            10.8134536,
            54.0955054
          ],
          [
            10.8132871,
            54.0953533
          ],
          [
            10.8131997,
            54.0952576
          ],
          [
            10.8131725,
            54.09513
          ],
          [
            10.8132552,
            54.094606
          ],
          [
            10.8135045,
            54.0943918
          ],
          [
            10.8136782,
            54.0940347
          ],
          [
            10.8138074,
            54.0938177
          ],
          [
            10.8137365,
            54.0937873
          ],
          [
            10.813745,
            54.0937563
          ],
          [
            10.8140397,
            54.0936287
          ],
          [
            10.8142558,
            54.0935007
          ],
          [
            10.8143688,
            54.0933969
          ],
          [
            10.814181,
            54.093278
          ],
          [
            10.8142074,
            54.0932576
          ],
          [
            10.8145395,
            54.0931354
          ],
          [
            10.8146642,
            54.0930693
          ],
          [
            10.814739,
            54.0929852
          ],
          [
            10.8147281,
            54.0929225
          ],
          [
            10.8147336,
            54.092891
          ],
          [
            10.8146579,
            54.0928466
          ],
          [
            10.8147906,
            54.0928208
          ],
          [
            10.8149871,
            54.0927705
          ],
          [
            10.8151893,
            54.0926956
          ],
          [
            10.8153689,
            54.0926338
          ],
          [
            10.8154781,
            54.0925714
          ],
          [
            10.8155817,
            54.0925018
          ],
          [
            10.8156257,
            54.0924299
          ],
          [
            10.8156239,
            54.0923662
          ],
          [
            10.8155638,
            54.0923274
          ],
          [
            10.8156549,
            54.0923206
          ],
          [
            10.8157611,
            54.09229
          ],
          [
            10.8159267,
            54.0922296
          ],
          [
            10.8160365,
            54.0921692
          ],
          [
            10.8161464,
            54.0920861
          ],
          [
            10.8160219,
            54.09197
          ],
          [
            10.816221,
            54.0919544
          ],
          [
            10.8163516,
            54.0919113
          ],
          [
            10.8164812,
            54.0918918
          ],
          [
            10.8165653,
            54.0918586
          ],
          [
            10.816646,
            54.0917783
          ],
          [
            10.8168164,
            54.0917393
          ],
          [
            10.816964,
            54.0916991
          ],
          [
            10.8170827,
            54.0916587
          ],
          [
            10.8171757,
            54.0916076
          ],
          [
            10.8172119,
            54.0915268
          ],
          [
            10.817128,
            54.0914445
          ],
          [
            10.8173428,
            54.091382
          ],
          [
            10.8175225,
            54.0913289
          ],
          [
            10.8176576,
            54.0912479
          ],
          [
            10.8177839,
            54.0911158
          ],
          [
            10.8177725,
            54.0910448
          ],
          [
            10.8178629,
            54.091081
          ],
          [
            10.8180087,
            54.0910787
          ],
          [
            10.8182945,
            54.0910459
          ],
          [
            10.8185059,
            54.0910006
          ],
          [
            10.8185931,
            54.0909493
          ],
          [
            10.8186518,
            54.0908676
          ],
          [
            10.8186423,
            54.090815
          ],
          [
            10.8187463,
            54.0907811
          ],
          [
            10.818885,
            54.0907719
          ],
          [
            10.8192297,
            54.0907131
          ],
          [
            10.8193444,
            54.0906533
          ],
          [
            10.819407,
            54.0905813
          ],
          [
            10.8196737,
            54.0905513
          ],
          [
            10.8200287,
            54.0904742
          ],
          [
            10.8202057,
            54.0904248
          ],
          [
            10.8202725,
            54.0903619
          ],
          [
            10.820272,
            54.0902873
          ],
          [
            10.8204069,
            54.0902828
          ],
          [
            10.8207135,
            54.0902269
          ],
          [
            10.8209412,
            54.0901533
          ],
          [
            10.8210714,
            54.0900808
          ],
          [
            10.8211211,
            54.0900063
          ],
          [
            10.8212414,
            54.0899854
          ],
          [
            10.8213862,
            54.0899486
          ],
          [
            10.8214967,
            54.089898
          ],
          [
            10.8214944,
            54.0898208
          ],
          [
            10.821534,
            54.0898086
          ],
          [
            10.8215835,
            54.0897902
          ],
          [
            10.8216301,
            54.0897533
          ],
          [
            10.821657,
            54.0897465
          ],
          [
            10.821747,
            54.0897466
          ],
          [
            10.8218998,
            54.0897125
          ],
          [
            10.8219985,
            54.089675
          ],
          [
            10.8220379,
            54.0896102
          ],
          [
            10.8220512,
            54.0895725
          ],
          [
            10.8221678,
            54.0895651
          ],
          [
            10.8223658,
            54.0895341
          ],
          [
            10.822485,
            54.0894868
          ],
          [
            10.8225598,
            54.0894439
          ],
          [
            10.8225868,
            54.0894362
          ],
          [
            10.8226914,
            54.0894196
          ],
          [
            10.8228003,
            54.0893899
          ],
          [
            10.8228488,
            54.0893199
          ],
          [
            10.8228816,
            54.0892972
          ],
          [
            10.823041,
            54.0892884
          ],
          [
            10.8232337,
            54.0892687
          ],
          [
            10.8234352,
            54.0892343
          ],
          [
            10.8235067,
            54.0892128
          ],
          [
            10.8235507,
            54.0891739
          ],
          [
            10.8235798,
            54.0891278
          ],
          [
            10.8237013,
            54.0891326
          ],
          [
            10.8238921,
            54.0891049
          ],
          [
            10.824019,
            54.0890541
          ],
          [
            10.8240697,
            54.0890491
          ],
          [
            10.8241682,
            54.0890732
          ],
          [
            10.8243071,
            54.0890715
          ],
          [
            10.8244273,
            54.0890588
          ],
          [
            10.8245261,
            54.0890452
          ],
          [
            10.8245749,
            54.0890287
          ],
          [
            10.8245889,
            54.0889997
          ],
          [
            10.8246293,
            54.0889935
          ],
          [
            10.8247096,
            54.0890031
          ],
          [
            10.8248118,
            54.088996
          ],
          [
            10.8248888,
            54.088984
          ],
          [
            10.8249421,
            54.0889665
          ],
          [
            10.8249724,
            54.0889107
          ],
          [
            10.824974,
            54.0888843
          ],
          [
            10.8250192,
            54.0888789
          ],
          [
            10.8250476,
            54.0888963
          ],
          [
            10.8251912,
            54.0889027
          ],
          [
            10.8253674,
            54.088892
          ],
          [
            10.8254979,
            54.0888601
          ],
          [
            10.825568,
            54.0888206
          ],
          [
            10.8255999,
            54.0888286
          ],
          [
            10.825974,
            54.0888423
          ],
          [
            10.826218,
            54.0888397
          ],
          [
            10.8263932,
            54.0888148
          ],
          [
            10.8265113,
            54.0887413
          ],
          [
            10.8265946,
            54.0887306
          ],
          [
            10.8268091,
            54.0887495
          ],
          [
            10.8270884,
            54.0887287
          ],
          [
            10.8273551,
            54.0886981
          ],
          [
            10.8274737,
            54.0886603
          ],
          [
            10.8275332,
            54.0886155
          ],
          [
            10.8276473,
            54.0886294
          ],
          [
            10.8278399,
            54.0886414
          ],
          [
            10.8280685,
            54.0886275
          ],
          [
            10.8282338,
            54.0885906
          ],
          [
            10.8283271,
            54.088531
          ],
          [
            10.828574,
            54.0885512
          ],
          [
            10.8288536,
            54.0885386
          ],
          [
            10.8290755,
            54.0885025
          ],
          [
            10.8294725,
            54.0885465
          ],
          [
            10.8296975,
            54.088541
          ],
          [
            10.8298654,
            54.0885136
          ],
          [
            10.8299713,
            54.0884679
          ],
          [
            10.8301058,
            54.0884882
          ],
          [
            10.8302248,
            54.0885059
          ],
          [
            10.8304625,
            54.0885083
          ],
          [
            10.8306313,
            54.0884926
          ],
          [
            10.830707,
            54.0884624
          ],
          [
            10.8307712,
            54.0884133
          ],
          [
            10.8308948,
            54.0884367
          ],
          [
            10.8310371,
            54.0884533
          ],
          [
            10.8311888,
            54.0884745
          ],
          [
            10.8315509,
            54.0884867
          ],
          [
            10.8316683,
            54.0884673
          ],
          [
            10.8317533,
            54.0884469
          ],
          [
            10.8319664,
            54.0884644
          ],
          [
            10.8321456,
            54.0884762
          ],
          [
            10.8324375,
            54.0884845
          ],
          [
            10.8325905,
            54.0884669
          ],
          [
            10.8326705,
            54.0884298
          ],
          [
            10.8327234,
            54.0883558
          ],
          [
            10.8327572,
            54.0883704
          ],
          [
            10.8327921,
            54.0883855
          ],
          [
            10.8329681,
            54.0884291
          ],
          [
            10.8331213,
            54.088452
          ],
          [
            10.8332638,
            54.0884613
          ],
          [
            10.8334326,
            54.0884435
          ],
          [
            10.8335774,
            54.0884008
          ],
          [
            10.8337064,
            54.0884233
          ],
          [
            10.8338734,
            54.0884448
          ],
          [
            10.8340881,
            54.0884456
          ],
          [
            10.8342239,
            54.0884254
          ],
          [
            10.8343272,
            54.0883861
          ],
          [
            10.8343442,
            54.0883873
          ],
          [
            10.8344323,
            54.0884053
          ],
          [
            10.8345878,
            54.0884232
          ],
          [
            10.8347157,
            54.0884252
          ],
          [
            10.8348081,
            54.0884126
          ],
          [
            10.8348851,
            54.0884327
          ],
          [
            10.8350049,
            54.0884547
          ],
          [
            10.8352344,
            54.0884616
          ],
          [
            10.8353723,
            54.0884547
          ],
          [
            10.8355257,
            54.0884257
          ],
          [
            10.8356209,
            54.0883961
          ],
          [
            10.8356886,
            54.0883545
          ],
          [
            10.835733,
            54.0883633
          ],
          [
            10.8358898,
            54.0883899
          ],
          [
            10.836671,
            54.0883895
          ],
          [
            10.8369525,
            54.0883843
          ],
          [
            10.8371418,
            54.0883622
          ],
          [
            10.8372216,
            54.0883182
          ],
          [
            10.837412,
            54.0883401
          ],
          [
            10.8375997,
            54.0883526
          ],
          [
            10.8377619,
            54.0883472
          ],
          [
            10.8378826,
            54.0883208
          ],
          [
            10.837947,
            54.0882897
          ],
          [
            10.8379837,
            54.0882566
          ],
          [
            10.8380492,
            54.0882557
          ],
          [
            10.8381885,
            54.0882537
          ],
          [
            10.8391551,
            54.0882867
          ],
          [
            10.8404696,
            54.0883578
          ],
          [
            10.8407297,
            54.0883137
          ],
          [
            10.8409256,
            54.0883452
          ],
          [
            10.8416961,
            54.0884135
          ],
          [
            10.8433915,
            54.0884492
          ],
          [
            10.8451263,
            54.0885618
          ],
          [
            10.8458944,
            54.0887222
          ],
          [
            10.8464242,
            54.0887736
          ],
          [
            10.8469155,
            54.0888582
          ],
          [
            10.8469901,
            54.0888212
          ],
          [
            10.8473767,
            54.0888847
          ],
          [
            10.8477472,
            54.0889456
          ],
          [
            10.8478692,
            54.0888766
          ],
          [
            10.8483329,
            54.0890042
          ],
          [
            10.8484963,
            54.0889589
          ],
          [
            10.8490755,
            54.0889796
          ],
          [
            10.8497192,
            54.0890706
          ],
          [
            10.8502665,
            54.0891416
          ],
          [
            10.8503764,
            54.0891281
          ],
          [
            10.8504274,
            54.0891435
          ],
          [
            10.8505516,
            54.0891811
          ],
          [
            10.85097,
            54.0891849
          ],
          [
            10.85115,
            54.089196
          ],
          [
            10.8513083,
            54.0892094
          ],
          [
            10.8514644,
            54.0892215
          ],
          [
            10.8515958,
            54.0892227
          ],
          [
            10.8523105,
            54.0891618
          ],
          [
            10.852777,
            54.0891264
          ],
          [
            10.8532924,
            54.0891002
          ],
          [
            10.8542924,
            54.0889354
          ],
          [
            10.8552053,
            54.0887462
          ],
          [
            10.8558483,
            54.0885796
          ],
          [
            10.8576002,
            54.0880666
          ],
          [
            10.8585146,
            54.0877452
          ],
          [
            10.8596789,
            54.0872922
          ],
          [
            10.8597818,
            54.0872617
          ],
          [
            10.8601543,
            54.0870507
          ],
          [
            10.8604629,
            54.0869539
          ],
          [
            10.8610566,
            54.0867056
          ],
          [
            10.861154,
            54.0866627
          ],
          [
            10.8617674,
            54.0862827
          ],
          [
            10.8619446,
            54.0861238
          ],
          [
            10.8625876,
            54.0855948
          ],
          [
            10.8630995,
            54.0852644
          ],
          [
            10.8634514,
            54.0850781
          ],
          [
            10.8638585,
            54.0849578
          ],
          [
            10.8641315,
            54.0849176
          ],
          [
            10.8647193,
            54.0849573
          ],
          [
            10.8662657,
            54.0849444
          ],
          [
            10.8668931,
            54.0849853
          ],
          [
            10.8674792,
            54.0851129
          ],
          [
            10.8674987,
            54.0851192
          ],
          [
            10.8687072,
            54.0854082
          ],
          [
            10.870221,
            54.085846
          ],
          [
            10.8712749,
            54.0860121
          ],
          [
            10.8722062,
            54.0863404
          ],
          [
            10.8725287,
            54.0864863
          ],
          [
            10.8731317,
            54.0867411
          ],
          [
            10.8741155,
            54.086971
          ],
          [
            10.8743492,
            54.0870423
          ],
          [
            10.8744279,
            54.0870663
          ],
          [
            10.8767383,
            54.0877686
          ],
          [
            10.8800933,
            54.0889979
          ],
          [
            10.8833667,
            54.0905392
          ],
          [
            10.8849242,
            54.0912465
          ],
          [
            10.8858971,
            54.0916779
          ],
          [
            10.8872323,
            54.0921214
          ],
          [
            10.888559,
            54.0931018
          ],
          [
            10.8889886,
            54.0933434
          ],
          [
            10.8894753,
            54.0936211
          ],
          [
            10.8898454,
            54.0939846
          ],
          [
            10.8901689,
            54.0941356
          ],
          [
            10.8907655,
            54.0942701
          ],
          [
            10.8910712,
            54.0946876
          ],
          [
            10.8916196,
            54.0951338
          ],
          [
            10.891734,
            54.095413
          ],
          [
            10.8919839,
            54.0956457
          ],
          [
            10.8921974,
            54.0957323
          ],
          [
            10.8924832,
            54.0960877
          ],
          [
            10.892838,
            54.096235
          ],
          [
            10.8929683,
            54.0962237
          ],
          [
            10.8933976,
            54.0968805
          ],
          [
            10.8938178,
            54.0974043
          ],
          [
            10.8939708,
            54.0974617
          ],
          [
            10.8940282,
            54.0976161
          ],
          [
            10.8944772,
            54.0981132
          ],
          [
            10.8947378,
            54.0981998
          ],
          [
            10.8951775,
            54.0986454
          ],
          [
            10.8954352,
            54.0986753
          ],
          [
            10.8957584,
            54.0990947
          ],
          [
            10.8963299,
            54.0995661
          ],
          [
            10.8965701,
            54.0995869
          ],
          [
            10.8968512,
            54.0998975
          ],
          [
            10.8971809,
            54.099962
          ],
          [
            10.8974384,
            54.1002805
          ],
          [
            10.8975671,
            54.1003339
          ],
          [
            10.8976739,
            54.1003247
          ],
          [
            10.8980652,
            54.1008465
          ],
          [
            10.8982689,
            54.1009165
          ],
          [
            10.8983666,
            54.1011411
          ],
          [
            10.8985582,
            54.1013068
          ],
          [
            10.8987309,
            54.101327
          ],
          [
            10.8988691,
            54.1015719
          ],
          [
            10.8991046,
            54.1017118
          ],
          [
            10.8992418,
            54.1017018
          ],
          [
            10.89946,
            54.1021009
          ],
          [
            10.8997087,
            54.1022311
          ],
          [
            10.8998908,
            54.1022364
          ],
          [
            10.9000062,
            54.1024499
          ],
          [
            10.9002816,
            54.1026582
          ],
          [
            10.9005075,
            54.1027081
          ],
          [
            10.9007789,
            54.1031086
          ],
          [
            10.9009788,
            54.1031737
          ],
          [
            10.9011475,
            54.1034784
          ],
          [
            10.9014539,
            54.103606
          ],
          [
            10.901693,
            54.1039108
          ],
          [
            10.9021467,
            54.1041293
          ],
          [
            10.9024043,
            54.1044261
          ],
          [
            10.9026752,
            54.1045511
          ],
          [
            10.9029017,
            54.1045746
          ],
          [
            10.9031104,
            54.1048011
          ],
          [
            10.9033991,
            54.1049272
          ],
          [
            10.9035619,
            54.1049052
          ],
          [
            10.903741,
            54.1051694
          ],
          [
            10.9038787,
            54.1052631
          ],
          [
            10.9041451,
            54.1055261
          ],
          [
            10.904376,
            54.1055573
          ],
          [
            10.9045492,
            54.1057916
          ],
          [
            10.9047702,
            54.1058108
          ],
          [
            10.9048088,
            54.1058141
          ],
          [
            10.9048912,
            54.1059895
          ],
          [
            10.9052331,
            54.1062056
          ],
          [
            10.9054019,
            54.1062134
          ],
          [
            10.9055662,
            54.1064608
          ],
          [
            10.9058815,
            54.1067706
          ],
          [
            10.9061879,
            54.1068904
          ],
          [
            10.906397,
            54.106853
          ],
          [
            10.9066587,
            54.1072241
          ],
          [
            10.9071147,
            54.1074644
          ],
          [
            10.9072787,
            54.1074253
          ],
          [
            10.907376,
            54.1076266
          ],
          [
            10.9076783,
            54.1078488
          ],
          [
            10.9080379,
            54.1079695
          ],
          [
            10.9080625,
            54.1081432
          ],
          [
            10.9083802,
            54.1083745
          ],
          [
            10.9087119,
            54.1084448
          ],
          [
            10.9088413,
            54.1086688
          ],
          [
            10.9094305,
            54.1089181
          ],
          [
            10.9095073,
            54.1090322
          ],
          [
            10.9098455,
            54.1091914
          ],
          [
            10.909939,
            54.1091571
          ],
          [
            10.9104602,
            54.1095939
          ],
          [
            10.9106908,
            54.109708
          ],
          [
            10.910843,
            54.1096906
          ],
          [
            10.9110278,
            54.1099749
          ],
          [
            10.9114991,
            54.1102212
          ],
          [
            10.9116682,
            54.1101881
          ],
          [
            10.9122113,
            54.1106807
          ],
          [
            10.9126006,
            54.1108098
          ],
          [
            10.9128091,
            54.1107407
          ],
          [
            10.9128773,
            54.1108639
          ],
          [
            10.9135536,
            54.1112664
          ],
          [
            10.9139122,
            54.1113384
          ],
          [
            10.9141372,
            54.111276
          ],
          [
            10.9147371,
            54.1117709
          ],
          [
            10.914983,
            54.111825
          ],
          [
            10.9151249,
            54.1117807
          ],
          [
            10.9156029,
            54.1122815
          ],
          [
            10.9159718,
            54.1124046
          ],
          [
            10.9161379,
            54.1123766
          ],
          [
            10.9164318,
            54.112642
          ],
          [
            10.9170579,
            54.1130413
          ],
          [
            10.9174742,
            54.1130887
          ],
          [
            10.9177752,
            54.1134587
          ],
          [
            10.9183695,
            54.1138011
          ],
          [
            10.9186974,
            54.1139002
          ],
          [
            10.9189167,
            54.1138772
          ],
          [
            10.9193835,
            54.1142336
          ],
          [
            10.9195581,
            54.1145279
          ],
          [
            10.9198091,
            54.114663
          ],
          [
            10.9199274,
            54.1146285
          ],
          [
            10.9201016,
            54.1148747
          ],
          [
            10.9203117,
            54.1149708
          ],
          [
            10.9204654,
            54.1149678
          ],
          [
            10.9204551,
            54.1150639
          ],
          [
            10.9207113,
            54.1152982
          ],
          [
            10.9209008,
            54.1153462
          ],
          [
            10.9211022,
            54.1153267
          ],
          [
            10.9211468,
            54.1154483
          ],
          [
            10.9213056,
            54.1156105
          ],
          [
            10.9214951,
            54.1156916
          ],
          [
            10.9216745,
            54.1156615
          ],
          [
            10.921987,
            54.1160369
          ],
          [
            10.9221663,
            54.116097
          ],
          [
            10.9223497,
            54.1160707
          ],
          [
            10.9223712,
            54.1162321
          ],
          [
            10.9226889,
            54.1164543
          ],
          [
            10.9228887,
            54.1164964
          ],
          [
            10.9230321,
            54.1164513
          ],
          [
            10.9231141,
            54.1166315
          ],
          [
            10.9235035,
            54.1169588
          ],
          [
            10.9237238,
            54.1169618
          ],
          [
            10.9239176,
            54.1169024
          ],
          [
            10.9240004,
            54.1170789
          ],
          [
            10.9241644,
            54.117187
          ],
          [
            10.9243488,
            54.1172561
          ],
          [
            10.9245621,
            54.1172407
          ],
          [
            10.9245948,
            54.1174273
          ],
          [
            10.9247638,
            54.1176945
          ],
          [
            10.9250046,
            54.1177996
          ],
          [
            10.9251942,
            54.1177876
          ],
          [
            10.9260289,
            54.1186348
          ],
          [
            10.9265293,
            54.11928
          ],
          [
            10.9273252,
            54.1202502
          ],
          [
            10.9279119,
            54.12065
          ],
          [
            10.9281518,
            54.1205697
          ],
          [
            10.9282454,
            54.1206307
          ],
          [
            10.928419,
            54.1209068
          ],
          [
            10.9292488,
            54.1216171
          ],
          [
            10.9296495,
            54.1218409
          ],
          [
            10.9299351,
            54.1220021
          ],
          [
            10.9304892,
            54.1219594
          ],
          [
            10.930986,
            54.1227076
          ],
          [
            10.9317846,
            54.1236529
          ],
          [
            10.932169,
            54.1238074
          ],
          [
            10.9325119,
            54.1241963
          ],
          [
            10.933175,
            54.1246738
          ],
          [
            10.9336219,
            54.1251208
          ],
          [
            10.9339054,
            54.1251344
          ],
          [
            10.9343845,
            54.1250771
          ],
          [
            10.9347154,
            54.1256467
          ],
          [
            10.935048,
            54.125812
          ],
          [
            10.9356608,
            54.1264565
          ],
          [
            10.9363207,
            54.1269579
          ],
          [
            10.9365485,
            54.1271704
          ],
          [
            10.9367859,
            54.1273202
          ],
          [
            10.9370342,
            54.1273391
          ],
          [
            10.9375619,
            54.1278926
          ],
          [
            10.938179,
            54.128572
          ],
          [
            10.9383236,
            54.1286808
          ],
          [
            10.9388847,
            54.129174
          ],
          [
            10.9398296,
            54.130114
          ],
          [
            10.9401904,
            54.1302886
          ],
          [
            10.9406069,
            54.1308103
          ],
          [
            10.941125,
            54.1314628
          ],
          [
            10.9418324,
            54.1322696
          ],
          [
            10.9421739,
            54.1326456
          ],
          [
            10.9425852,
            54.1329574
          ],
          [
            10.9429548,
            54.1332179
          ],
          [
            10.9435446,
            54.1335102
          ],
          [
            10.9441264,
            54.1336907
          ],
          [
            10.9443128,
            54.1336673
          ],
          [
            10.9451091,
            54.1332796
          ],
          [
            10.9454106,
            54.1332494
          ],
          [
            10.945886,
            54.1332598
          ],
          [
            10.9464246,
            54.1333158
          ],
          [
            10.946795,
            54.1333886
          ],
          [
            10.9471386,
            54.1334963
          ],
          [
            10.9480094,
            54.1338856
          ],
          [
            10.9485121,
            54.1342298
          ],
          [
            10.948618,
            54.1343035
          ],
          [
            10.94871,
            54.1343075
          ],
          [
            10.9487705,
            54.134366
          ],
          [
            10.9487099,
            54.134406
          ],
          [
            10.9486048,
            54.1344366
          ],
          [
            10.9485162,
            54.1344119
          ],
          [
            10.9482974,
            54.1342953
          ],
          [
            10.9480386,
            54.1343936
          ],
          [
            10.9478921,
            54.134468
          ],
          [
            10.9478041,
            54.1345428
          ],
          [
            10.9478003,
            54.1346379
          ],
          [
            10.9478646,
            54.1347648
          ],
          [
            10.9483855,
            54.1351421
          ],
          [
            10.9485545,
            54.1352667
          ],
          [
            10.9486395,
            54.1353334
          ],
          [
            10.9486689,
            54.1353807
          ],
          [
            10.9488235,
            54.1354463
          ],
          [
            10.9487404,
            54.1354869
          ],
          [
            10.9486115,
            54.1354318
          ],
          [
            10.9485118,
            54.1353951
          ],
          [
            10.9484634,
            54.1354041
          ],
          [
            10.9483554,
            54.1353621
          ],
          [
            10.9479353,
            54.1350581
          ],
          [
            10.9477165,
            54.134869
          ],
          [
            10.9475971,
            54.134698
          ],
          [
            10.9475877,
            54.1345392
          ],
          [
            10.9476994,
            54.1344303
          ],
          [
            10.94785,
            54.1343624
          ],
          [
            10.947898,
            54.1343437
          ],
          [
            10.9482285,
            54.134215
          ],
          [
            10.9482694,
            54.1341991
          ],
          [
            10.9478722,
            54.1339451
          ],
          [
            10.9470644,
            54.1335766
          ],
          [
            10.9467314,
            54.1334745
          ],
          [
            10.9463889,
            54.1334113
          ],
          [
            10.9458831,
            54.1333619
          ],
          [
            10.9454232,
            54.1333315
          ],
          [
            10.9451777,
            54.1333541
          ],
          [
            10.9440127,
            54.1338926
          ],
          [
            10.9442267,
            54.1340314
          ],
          [
            10.9444561,
            54.1342057
          ],
          [
            10.9448864,
            54.1345187
          ],
          [
            10.9452829,
            54.1348171
          ],
          [
            10.9452993,
            54.1348091
          ],
          [
            10.9454747,
            54.1349666
          ],
          [
            10.9454581,
            54.1349739
          ],
          [
            10.9455012,
            54.135019
          ],
          [
            10.9456646,
            54.1351831
          ],
          [
            10.9457195,
            54.1353175
          ],
          [
            10.9457649,
            54.1353763
          ],
          [
            10.9459465,
            54.135554
          ],
          [
            10.9461137,
            54.1356365
          ],
          [
            10.9462211,
            54.1357065
          ],
          [
            10.9463525,
            54.1358185
          ],
          [
            10.9463764,
            54.1358604
          ],
          [
            10.9463931,
            54.1359486
          ],
          [
            10.946417,
            54.1360242
          ],
          [
            10.9464608,
            54.13607
          ],
          [
            10.9465749,
            54.1361437
          ],
          [
            10.9467349,
            54.1362158
          ],
          [
            10.9468089,
            54.1362522
          ],
          [
            10.9468734,
            54.1363088
          ],
          [
            10.9469398,
            54.1363917
          ],
          [
            10.9470058,
            54.1363878
          ],
          [
            10.947226,
            54.1365689
          ],
          [
            10.9471584,
            54.1366204
          ],
          [
            10.9471685,
            54.1366956
          ],
          [
            10.9472597,
            54.1367827
          ],
          [
            10.9474286,
            54.136846
          ],
          [
            10.9475908,
            54.1368618
          ],
          [
            10.9476661,
            54.1369222
          ],
          [
            10.9481853,
            54.1373111
          ],
          [
            10.94854,
            54.1375545
          ],
          [
            10.9485654,
            54.1376734
          ],
          [
            10.9486046,
            54.1377887
          ],
          [
            10.9486625,
            54.1378463
          ],
          [
            10.948883,
            54.137889
          ],
          [
            10.9506507,
            54.1370682
          ]
        ]
      },
      "id": "way/30890284"
    }
  ]
}